4.010552344,4.898813676,1
0.936071022,3.226381813,0
3.569155447,3.268388751,1
1.32529291,2.023949736,0
1.048462716,1.325131359,0
1.671718829,6.134479133,1
-0.527312246,3.842059306,0
1.434306515,3.991433404,0
3.318248695,1.332163452,0
1.914693829,5.013041077,0
3.620885848,7.980928074,1
2.018772366,6.516717559,1
2.63913558,3.0681835,0
1.711390404,8.805701716,1
1.704730479,1.356170277,0
3.958190184,1.352612791,0
0.378456001,2.920250586,0
2.173818399,6.035092047,1
2.094028684,3.309431827,0
3.724530689,2.275381708,0
2.393238518,5.873380686,1
3.068374263,4.497035702,1
2.539731988,3.860801596,0
3.748079135,2.545589535,0
3.754404924,2.278329559,0
2.766661873,0.775931746,0
4.003894244,5.103741128,1
1.173871642,1.721185798,0
2.190814065,4.193586924,0
2.526121809,6.984846829,1
3.047984669,6.434497372,1
1.536218708,2.91341209,0
2.39613482,8.252657,1
1.439770437,1.941445072,0
0.485470597,3.111207398,0
1.660566453,2.54016225,0
4.778174745,7.47097344,1
2.724602932,2.449373196,0
3.729602426,7.400591756,1
2.591982824,6.309685909,1
3.567183157,5.809523703,1
3.108765356,4.796533335,1
3.143333754,3.101438469,0
2.535810051,6.714919772,1
2.640779285,5.989714603,1
3.314092532,1.899615954,0
3.408693169,2.540556701,0
4.504837846,5.205108591,0
5.125923416,4.971579184,1
1.05056405,4.998539191,0
4.160310644,3.805532699,1
4.258042543,9.561123116,1
3.010875074,5.039861822,1
2.369574867,2.269443872,0
2.46099111,6.819518262,1
4.676568957,3.179027946,1
3.09350044,6.024808924,1
1.23209735,3.873951654,1
3.444704282,6.110874696,1
3.244910368,5.668641141,1
2.831190092,1.211402676,0
1.715701646,2.113965511,0
4.659212295,6.752798379,1
1.285921348,6.395147364,1
1.120177331,3.72690648,0
1.801562881,2.472902861,0
4.1870955,2.468250548,0
0.420450065,2.40011791,0
1.108542621,5.002621917,0
1.260699243,2.777738482,0
0.573229929,2.710862476,0
2.1728164,1.715110536,0
2.630277439,4.229492165,1
2.176810254,4.057477824,0
1.118073766,3.664208118,0
3.15835727,3.890315948,0
3.500542158,1.650028677,0
1.211979058,1.458674854,0
1.488918071,3.844594686,0
2.879528893,4.213840209,0
2.589675864,1.800349731,0
1.499341262,3.027049236,0
2.513534421,7.101748418,1
2.519288792,4.193948029,0
2.106200771,1.104779797,0
3.246803227,7.81983147,1
3.758574013,5.010642972,1
2.332888404,5.834507197,1
1.080035004,1.941644322,0
4.116041383,6.457863955,1
0.738723915,2.098680804,0
2.689099639,5.349822162,0
0.299129772,4.738503005,0
2.648345488,8.514736433,1
2.851883911,6.208539081,1
1.442043522,5.402590584,1
4.681959131,3.874445641,1
2.021277333,1.920574459,0
4.525892483,4.126460191,1
2.024311868,5.847650595,0
0.88199688,2.883303607,0
0.135766479,3.055333967,0
2.125382664,6.831668401,1
2.107850781,1.972410039,0
1.135366621,2.408623609,0
3.790951985,8.8099881,1
2.242605284,1.565543633,0
1.005410958,6.521986409,1
2.238232001,7.833523062,1
2.223363012,2.088120145,0
2.195394826,2.08508432,0
2.627397433,3.607604469,0
2.965440447,5.048546502,0
3.693482372,4.874188711,0
-0.073114382,4.34800436,0
2.822068689,4.181258732,0
1.494616617,3.250053215,0
1.02820512,1.815475877,0
2.369131874,2.0434962,0
1.850822305,3.403322801,0
2.265385465,5.67951156,1
3.086163798,4.599398275,1
3.475904004,6.506707292,1
2.699989864,5.34631987,0
2.388475678,9.055787937,1
1.72942272,4.095640654,0
2.195346319,2.83367798,0
3.01804219,4.638721014,0
0.719555192,3.515666752,0
1.839094326,8.235577803,1
1.739324028,5.397759434,0
0.869041086,2.465109574,0
1.459915379,3.903743095,0
3.172885804,5.45407919,1
1.482773325,4.38519817,0
3.738668638,6.341400327,1
0.987705661,3.063164081,0
2.884377601,3.357573999,0
1.476668194,3.158697307,0
2.265860315,4.132712648,0
3.434359376,5.757906468,1
2.899810429,1.5837289,0
2.722612339,0.783808829,0
1.928001491,2.750065418,0
2.550266048,3.162131778,0
2.74993979,4.825233696,0
1.824603271,7.190599388,1
3.722917231,8.133399349,1
3.210770477,6.636036517,1
3.409464326,9.900888321,1
4.11489393,6.634229835,1
3.28697118,4.053358785,0
1.364801238,3.81013766,0
1.796169208,2.147644133,0
2.153000905,2.08691665,0
4.36628869,3.356550374,1
2.391518007,1.511337139,0
2.431853477,4.274774864,0
2.44183083,3.141994805,0
0.742202083,1.844186149,0
4.011005979,6.922401543,1
2.137905991,4.54383682,1
0.922775078,2.981383888,0
2.406753249,3.488076422,0
3.804029101,3.386767481,1
-0.404419466,4.478448436,0
3.18440286,5.393490537,0
4.485426558,7.067528738,1
3.877534377,4.571835659,0
1.711908951,1.550898847,0
4.431804769,4.360151242,1
2.705534622,5.235494389,1
1.389809512,3.058376563,0
2.630213849,3.616852209,0
1.165305096,3.285121085,0
3.335286141,5.296758178,1
4.003688959,6.052128721,1
3.563215705,7.527178011,1
2.725688868,3.037350769,1
2.319746544,7.156737818,1
2.596751123,4.560857326,0
3.93974207,7.631917122,1
2.244807948,3.598681824,0
0.537184937,3.036139077,0
0.514914075,3.479511409,0
3.172217745,7.820190778,1
4.371235733,7.048138569,1
2.214061927,6.466522899,1
1.819662507,6.397706468,1
1.213414324,8.904052337,1
3.135228201,2.472487927,0
2.550682726,3.744625401,0
2.144969491,4.025352404,1
1.913439987,5.112985665,0
2.236720518,6.894527795,1
1.697354471,2.891665666,0
1.640244005,3.399693052,0
3.783822796,8.233105167,1
4.159969101,8.348129359,1
3.544753191,6.711919072,1
1.719980887,8.244473046,1
2.563427631,5.610842569,1
1.520141178,2.34484093,0
3.954541705,9.289508255,1
1.463609981,3.705065339,0
2.521661996,2.978607294,0
3.428029819,9.217650649,1
2.463642615,5.326253328,0
2.028971865,2.969559688,0
4.210368598,7.383151598,1
3.666610177,8.023271499,1
1.72616307,3.233268163,0
2.802388889,6.259542989,1
2.496311672,3.044637102,0
2.286352236,4.268587326,0
1.729234259,3.115829684,0
3.970719323,7.998126509,1
0.791583437,4.596252956,0
3.096235257,6.484274636,1
0.855279323,1.136149738,0
1.538913676,4.916976993,0
2.796934589,3.37356775,0
2.025552655,7.43118753,1
2.500279584,4.625305594,0
1.551240816,3.304828179,0
1.543243507,2.502114036,0
1.332346604,5.135172315,0
3.271253601,0.880597242,0
-0.769388072,4.050861194,0
2.320284945,3.209113517,1
3.953138006,5.671512831,1
3.173763625,3.322339827,1
3.765863875,8.76366515,1
2.00867957,2.569928802,0
2.991303144,3.3198545,0
1.825843771,4.526440113,0
1.561399643,2.330415629,0
3.533408355,3.553067574,1
-0.171118564,4.41639091,0
3.547808039,8.540723956,1
1.428361668,4.301155957,0
1.195474971,4.578541766,0
2.29216465,5.612766702,1
2.304157082,7.403952458,1
2.108385918,6.083289157,1
2.890837585,2.768207475,1
0.514161348,6.343241232,1
3.369722723,9.125009464,1
1.549001704,3.841914398,0
5.67852091,5.573997107,1
-0.160710998,2.609046407,0
3.185683455,0.71573711,0
1.197166852,0.349944042,0
3.642427385,2.374955742,0
1.897091316,2.875701959,0
2.289222487,6.197339673,1
4.445882482,5.071584608,0
4.103375038,7.222385011,1
4.060007557,5.584196517,1
3.658364023,5.654600255,1
1.430561556,2.559797533,0
3.498711172,2.150998037,0
1.745489283,4.607085355,1
1.75521711,-0.392324433,0
2.347126562,5.920565564,1
3.805058785,6.131173564,1
2.320042145,2.151993204,0
1.510297136,8.114887672,1
2.499860733,5.600631647,1
1.822969208,5.357754784,1
0.810464296,3.099954317,0
2.366341446,8.653300232,1
1.951671479,6.398203265,1
3.727516978,3.137747231,0
2.976711877,5.398752877,0
1.571736401,1.43986447,0
2.912718619,7.5532586,1
3.139516836,5.72770614,1
1.945070225,4.506566387,0
2.344796197,2.359275915,0
2.617392209,5.105094351,1
4.531079258,6.384215353,1
0.324984832,2.965563389,0
2.070700543,2.825061288,0
4.132406776,7.660940171,1
1.726991571,8.021616217,1
2.930530512,5.054523772,0
0.275232351,0.527968125,0
0.902082331,1.114105561,0
1.039209371,6.141740488,1
1.285747012,3.936831291,0
2.101653026,7.401564898,1
2.863212721,4.019801499,0
2.946983004,5.076153038,1
3.673963287,7.115403662,1
3.877377661,7.048252212,1
3.114062781,4.403830093,0
4.296634435,6.527888291,1
2.301890497,6.012395685,0
1.268181835,6.832010708,1
3.535337408,1.259929094,0
1.43136639,5.474858077,0
2.405354033,5.00894632,1
0.286186712,6.446467032,0
4.474365493,4.276824498,1
3.485751317,1.299025842,0
2.012991876,1.775215885,0
2.596535891,8.240293625,1
4.958965569,7.855267353,1
2.567544613,3.160102349,0
3.211796863,2.634354667,0
1.978445521,2.147226342,0
1.784667583,5.632222385,1
1.06304347,2.236714644,0
2.614669735,6.258698157,1
1.498419021,0.935832995,0
3.400294152,6.224130678,1
2.351323979,2.449369461,0
1.93370191,0.987746202,0
3.719577624,7.433033499,1
2.118263158,6.041094322,1
2.585360571,9.031145374,1
2.379844428,2.415109408,0
4.604449577,6.065211453,1
2.01093858,4.18223114,0
3.123020813,6.88771518,1
2.674877081,0.59925111,0
2.286241846,5.363174821,1
3.507994601,9.229466747,1
4.213007563,5.125293277,1
4.429798657,7.097317191,1
5.176239985,5.916890961,1
1.178590353,8.028776871,1
1.131072066,4.27466192,0
3.030692266,3.867924434,0
2.897359176,6.492215451,1
2.238810447,2.518857279,0
1.943437652,5.936582811,1
1.966015344,3.111188795,0
4.373410077,6.995763993,1
2.817905694,5.075517185,1
1.049106831,4.519165443,0
2.263245617,4.063872024,0
3.417304377,5.192758907,1
2.518269718,6.383380467,1
5.996578435,5.768953171,1
3.303656575,7.135790411,1
3.785046108,9.448491573,1
2.92527764,6.942860811,1
0.926896401,2.218123142,0
2.556328068,2.260398559,0
3.137762462,8.271908353,1
3.934424198,8.165157939,1
2.007408374,2.443334978,0
1.155505213,5.717705382,0
1.704502594,0.307726501,0
2.722485233,3.517275305,0
1.831095001,4.788922424,0
1.033498029,5.214547313,1
1.379923915,6.169048706,1
4.128174432,5.465164908,1
2.612961941,6.8712818,1
3.335360846,5.299258254,1
4.155984289,6.629560067,1
4.009216443,3.189120005,0
2.595490302,2.733096532,0
1.90223701,2.732384836,0
5.07043153,7.667278663,1
3.082015204,5.361029627,1
2.298821573,4.207176155,0
2.036511907,3.223593575,0
1.915470875,7.84138307,1
3.141441188,6.689431145,1
1.626652994,2.193548604,0
1.629157163,6.62574758,1
-0.275652235,2.202743199,0
0.846040286,5.590775947,0
1.875026076,6.775076813,1
2.207472612,4.395647035,0
1.554607036,2.782306525,0
2.009399038,2.676227456,0
1.817481039,4.27427245,0
1.042329754,1.916775786,0
1.704216525,1.669477216,0
1.984256553,5.761663988,1
1.646330089,2.192781635,0
3.301224795,2.337523383,0
2.909021782,5.476775894,0
0.690250264,2.793774296,0
2.927800292,7.171547502,1
2.332842254,3.479283571,0
0.726913172,6.223931208,0
1.752036527,2.343747983,0
2.152269654,2.913088257,0
0.409346389,3.434071252,0
1.923345476,5.70143679,1
4.315749229,4.63906358,1
3.890565293,7.999595585,1
0.386219186,2.776166484,0
2.972635513,6.437590158,1
5.173327226,5.859288986,1
3.541910665,5.106753998,1
2.031841756,2.431698368,0
0.907198095,3.520705793,0
2.253318169,3.006104679,0
2.52248422,0.72083495,0
1.73537961,6.20475148,0
2.352983661,9.881273014,1
1.095345942,2.856491918,0
3.073082136,5.33747774,1
1.834338878,3.551702434,0
2.794337197,3.535315531,0
0.984233736,3.889813266,0
2.937812231,-0.062554962,0
2.524806982,4.279842959,0
2.695090705,6.124586305,1
2.226880694,2.912335682,0
1.281642991,0.8171873,0
2.348048037,7.342463302,1
3.697663032,6.143429196,1
3.762211202,1.598338784,0
3.430230929,7.761349625,1
4.173795359,8.937764618,1
3.145501476,3.862062883,0
1.29365107,2.766801716,0
2.272123989,7.430999278,1
2.844141981,3.756788292,0
1.617195812,1.680564679,0
3.219475651,5.394076261,1
3.070830964,4.777216355,0
3.197937556,5.971393458,1
3.367510622,7.88309194,1
1.566606968,2.762231224,0
3.034946915,3.380349584,0
3.560793442,6.814848389,1
1.601430841,8.787494605,1
2.693507112,6.900482446,1
2.199622572,5.465950266,1
2.408880291,5.872168917,1
2.201762721,0.849853726,0
1.033189733,3.194911774,0
1.547305277,2.932782482,0
3.526246773,6.563728631,1
0.819549007,4.054496339,0
3.175149164,4.297290695,0
0.575996978,-0.027770871,0
1.410976614,8.143204626,1
2.373249101,5.669394768,1
2.931817677,1.034013639,0
3.732601099,6.938504027,1
1.746210511,2.266164366,0
-0.00597269,4.505818864,1
2.417155075,5.111125238,1
1.608356416,4.053696848,0
2.5010847,7.825600752,1
3.437012456,7.94726342,1
2.369327741,2.239869515,0
2.875970054,3.872409901,0
1.914430289,6.050403924,1
2.989263441,2.568664795,0
2.693250083,2.212785214,0
2.087373295,3.319992496,0
3.466106876,6.454971542,1
2.59528844,4.724997264,0
1.216824233,3.202277709,0
3.898434009,2.630432292,0
3.337321684,4.089738281,0
2.255824988,6.420030152,1
2.441740211,2.575471522,0
3.497776542,4.944109846,0
1.454116478,0.423214954,0
1.937905412,4.210402064,1
2.457427935,4.226585312,1
4.423661163,6.074924084,1
1.711241412,5.164553079,0
2.694905372,7.5236169,1
1.256792962,5.909886998,1
4.055077337,6.627549982,1
3.305252097,5.797442661,1
1.411447446,4.502186406,0
3.061382809,6.317549725,1
1.771778895,2.536875645,0
1.636672562,5.90863742,1
0.824418452,2.046617505,0
0.700701432,4.229427059,0
1.621913778,2.385830456,0
1.329452622,1.731464648,0
3.31729837,1.799728033,0
2.546349229,7.883955986,1
3.406474805,6.51624625,0
1.940236122,1.146459125,0
1.907212902,6.406909698,1
3.257594153,6.780903231,1
0.144102555,6.928878012,1
3.068394631,6.186225541,1
2.425620595,0.598231472,0
3.226233736,8.253513798,1
2.759615618,7.099276575,1
3.702453577,6.875316454,1
1.315415236,1.13815781,0
1.961191202,6.229586919,1
4.232284096,7.642289779,1
3.633542953,8.002722954,1
2.893105087,2.89864048,0
3.892461764,6.234152127,1
2.792060927,7.007674028,1
3.678343995,6.751513431,1
3.01783855,2.406033209,0
1.255374795,1.582919551,0
4.928144491,7.837936675,1
0.70103971,9.71504102,1
4.032420423,7.181434943,1
3.125752398,5.762502123,1
2.912725444,7.620945593,1
2.157192576,8.644093392,1
3.155062807,6.085182602,1
0.301938904,1.102693737,0
2.450445317,8.975674845,1
3.361397282,4.650052727,1
2.92998685,5.598005515,1
2.050919149,6.60918387,1
3.0478513,3.933958335,0
2.244672438,3.420596727,0
1.877086766,1.5429146,0
1.572874653,7.674142189,1
4.317926027,9.057992047,1
1.34196602,2.469145271,0
0.483897422,6.449337627,1
2.602705751,6.01884231,0
3.268999487,3.106069859,0
3.389097233,7.955263062,1
2.024985153,7.770331756,1
2.557749324,2.369684483,0
3.202290595,5.437746064,1
0.44329102,2.162915607,0
3.163962783,2.771586849,0
3.469367413,4.190412089,1
3.331683536,4.166421206,1
1.876800827,7.836849023,1
2.185738098,2.082416412,0
2.386979547,-0.271716539,0
2.465570064,6.306950329,1
1.955846093,1.898906232,0
1.065890955,4.152049627,0
2.001387502,3.995791877,0
0.808798064,4.149191318,0
3.34274444,4.063079565,1
0.999001814,5.08783825,1
4.20376974,4.776833105,1
3.796593302,5.076603492,1
3.674030829,6.379192225,1
1.009605101,4.5838047,0
3.19131658,3.5897835,1
1.524063011,8.428547831,1
4.028493662,4.145562723,1
1.723566015,3.198042524,0
2.079131769,2.603057054,0
3.135225403,8.416365029,1
3.057514613,5.226321748,1
2.496759481,5.506041879,0
3.624234823,6.484724147,1
1.672111873,1.25463399,0
1.886712348,1.695670083,0
2.77788218,-0.235553813,0
1.383858669,4.539426835,0
2.587454761,7.19509348,1
2.469706341,5.165313223,1
1.693229326,8.328659443,1
2.630667603,1.274056312,0
2.10865816,8.897738406,1
2.952425174,7.820408838,1
2.523151558,5.731710163,1
2.960269493,7.560838371,1
1.840593691,5.265260014,1
1.152303881,4.651467287,1
3.036713245,6.387623243,1
4.575435008,2.159787636,0
3.928461163,5.16313662,1
2.854845748,1.660514908,0
4.133438983,6.670607785,1
1.439212354,5.622662602,1
3.224886078,5.632977,1
2.951740773,1.350006931,0
2.718883301,6.652622224,1
0.819336579,2.890656715,0
1.07497598,2.140262449,0
2.201963454,3.451536733,0
2.037416203,7.998212934,1
3.378424646,5.71329881,1
3.158913195,9.127766862,1
1.561859421,0.549583419,0
3.780034137,3.415208011,0
1.097099059,5.189626131,0
0.276283553,4.965527045,0
2.477916902,6.588960412,1
0.668282745,1.553188846,0
-0.229625069,4.67407866,0
1.819061675,3.59396476,0
1.533535965,2.360129023,0
4.395443551,5.317869232,1
1.782327616,8.719993188,1
3.432471266,3.77079116,0
2.329487296,6.929956724,1
1.643698837,3.35419957,0
1.381615221,3.313261632,0
3.550160092,7.927221689,1
2.556070729,4.116268383,1
2.707929581,7.681864155,1
3.196796025,7.106575573,1
2.584375844,4.008427321,0
0.923952933,2.740331324,0
2.466281209,6.063466828,1
-0.266282272,2.203479227,0
2.751604763,1.976191937,0
5.185428855,6.870667957,1
3.578074965,3.839276631,0
2.821914386,3.110843795,0
1.734473,6.232335831,1
2.666122942,6.216360763,0
2.758040354,2.049573705,0
1.348646924,3.831455444,0
3.439978336,4.855888481,1
3.553495369,5.802012362,1
2.241201134,9.598040333,1
1.422872534,6.78829559,1
2.154446703,6.986196252,1
2.245129866,2.133162674,0
5.038477669,3.335275732,1
2.506181671,-0.175140913,0
1.728198193,5.001803617,0
3.48999486,5.223636218,1
2.429127362,5.496278127,1
1.995790489,6.913663045,1
4.542170906,6.373451631,1
2.513717835,1.003981554,0
3.300239436,2.720907142,0
2.582397823,6.822641191,1
1.466214018,2.118886903,0
4.598949523,5.179397059,1
1.021319802,2.979569565,0
1.663842942,0.905240423,0
2.942483281,1.646995635,0
1.631963517,7.893671586,1
0.335093627,6.701190062,1
4.686968212,1.572983893,0
3.420407474,3.145912491,1
2.096223084,4.644982841,0
2.138826568,6.503880163,1
2.134583864,5.427113139,1
0.607839412,4.794230757,0
3.080942155,3.789966403,0
3.565674527,7.779057581,1
0.912323062,4.460530355,1
2.266650112,1.668433706,0
2.880346424,7.695113049,1
3.394731409,7.779840801,1
2.827401679,2.676089588,0
3.323482145,6.430460514,1
2.956325518,3.866132891,0
4.002625629,4.581071072,0
3.630575577,3.587330133,0
2.187841204,1.635633675,0
3.149130162,4.322574328,0
3.257478191,2.634971111,0
3.183788454,2.065354125,0
2.255538612,4.624387763,1
5.29562876,8.704593339,1
3.197303433,8.371375747,1
2.740862178,1.129255525,0
2.145602762,2.327376897,0
4.004969136,5.467165221,1
3.955996348,2.736681461,0
1.250930026,5.047752395,0
1.500618663,1.564039114,0
2.919987937,5.382130999,1
3.35319722,7.787287553,1
0.695071817,2.393421918,0
2.825864536,7.296009449,1
2.178592561,5.903483406,1
1.169199002,3.125534909,0
0.932706801,6.509078971,1
2.733608538,4.57564382,0
2.666899082,2.443644141,0
3.271852954,3.053249462,0
2.729184599,7.133075021,1
3.040025174,2.494360532,0
1.282800632,3.650943164,0
1.488219386,3.398833467,0
2.548342787,5.996757199,1
2.391686274,7.150147209,0
2.468792374,1.929793402,0
2.313977428,1.430358948,0
3.654549935,4.279048704,1
1.82905439,1.267769039,0
3.265380469,5.393189565,1
1.55355378,1.926503732,0
3.70016098,7.308487738,1
2.18937155,2.039076071,0
1.7814679,4.488601415,1
2.727924133,6.983036348,1
2.754402559,4.880436545,1
3.454291751,0.938598096,0
2.136714717,3.812438931,0
3.485217275,6.073425732,1
2.689243571,2.523157954,0
1.464031704,3.801319889,0
1.722454921,5.560826324,0
4.130610967,6.398140969,1
2.269586455,2.371751179,0
4.161879984,7.122338047,1
5.229744972,7.267755546,1
2.658535695,4.680324534,1
0.918656994,0.723464075,0
2.149357737,2.28026831,0
2.761886973,7.830082817,1
2.314734078,5.460581816,0
3.65314356,6.309283231,1
2.358977816,4.94284364,1
2.144015168,6.110282182,1
2.532207595,7.348685629,1
2.581972027,6.784484639,1
1.073501012,8.431368124,1
3.363502611,2.849103481,0
2.145050419,3.269976061,0
3.21956804,2.101724982,0
1.510173305,7.177986,1
2.922278437,6.284978384,1
1.986609087,5.940640771,1
2.348375363,5.875718762,1
3.277498458,6.996138116,1
0.757142912,4.75487606,0
4.376144198,5.779677419,1
3.559142649,7.94562397,1
2.236870766,5.304771924,1
1.714850441,2.013117871,0
3.595178334,2.64907883,0
1.465817549,2.957194907,0
1.668536262,3.015796499,0
2.456128933,2.560818518,0
2.671147454,4.423049097,0
0.774246041,1.363706243,0
3.146320853,5.85175302,0
2.399584582,3.403385824,0
3.098358422,7.885466,1
3.13700371,8.046801265,1
0.441823997,4.634925596,0
2.559973999,5.36509567,0
1.381349832,6.885812519,0
1.859163626,4.434328949,0
0.091015287,3.582512651,0
2.254871334,3.142264726,0
3.601351156,6.556983682,1
2.371396139,7.302026632,1
2.752330554,4.447953125,0
2.054707599,3.822551905,1
0.790844194,4.765213946,0
4.668939947,5.572174232,1
1.149976788,1.964012708,0
2.278114746,8.451021491,1
0.328751636,3.443259996,0
1.903821117,7.986429974,1
1.631847558,4.562427453,0
2.737641422,3.425578005,0
1.109140631,5.153405862,0
2.493472329,1.421315089,0
1.74506538,1.341004644,0
1.591588516,5.754916943,0
2.945766526,2.069524513,0
3.149207899,2.939727969,0
2.927000947,5.960792995,0
3.117575049,7.125450572,1
0.4259815,7.511648961,1
3.10979366,7.353046988,1
2.286028792,4.890567639,0
1.868458101,5.537238073,1
2.303642585,3.354757169,0
2.063363493,5.738835603,1
0.746297328,4.335633415,0
1.147367176,6.154285868,1
2.32618931,6.243369785,1
4.359462587,6.728479533,1
1.952956956,6.389699413,1
1.641501974,1.88843386,0
1.26334217,0.796149123,0
0.680901564,0.403948265,0
3.66414096,7.374827964,1
2.843075198,3.091716849,0
1.369474342,0.596787548,0
2.292788611,2.077143661,0
4.358640892,8.757887338,1
3.50817901,-0.364674022,0
2.240535883,7.465264325,1
1.813430005,2.659710906,0
2.325757773,5.342986611,0
3.307358935,5.201845125,1
1.979393483,4.250276763,0
2.408777218,0.686140294,0
2.479104129,1.895826258,0
3.169400218,2.00515044,0
2.447936904,3.972134925,0
5.155935024,5.711233315,1
4.280480607,5.860165352,1
3.866809167,6.245435837,1
3.524639254,6.080643252,1
2.039289158,4.783309308,0
2.545454686,0.35028427,0
0.703630129,3.628414992,0
3.454995488,1.415319329,0
1.729173634,3.556135375,0
2.64084456,4.663843686,1
3.026106836,4.01460924,1
1.314199061,3.377845344,0
1.412331352,3.868648504,0
4.409085461,4.030347219,0
2.337964241,7.117205674,1
3.382201875,7.631844302,1
2.644484588,8.046465267,1
3.473247266,3.237123198,0
5.918538124,7.037169008,1
1.319859263,8.051246146,1
2.939978074,9.610433692,1
2.588980579,4.046667193,0
3.256992046,2.831504029,0
2.658100575,1.497864979,0
2.677983816,6.979230567,1
3.75369094,6.928097416,1
2.838971933,8.391321968,1
1.385034055,2.411520233,0
4.010124241,5.655655941,1
1.975833463,1.308517248,0
1.800754359,1.60799026,0
4.345026202,5.581109695,1
4.426569217,7.247469152,1
2.536422887,1.751183319,0
3.230651098,6.296680847,1
3.815814155,6.432383484,1
5.127456192,7.299401751,1
2.234234043,8.603657802,1
1.91144398,4.384365995,0
1.847030956,0.872101463,0
3.958700677,6.856625414,1
4.009024216,4.526674592,1
2.980489776,2.349958263,0
3.068350557,7.355349837,1
2.593991869,6.373883278,1
3.755612307,2.778965491,0
1.750328018,0.946241007,0
4.302758383,6.142327456,1
3.048443732,4.904731547,0
2.623718409,2.228914242,0
3.59550519,5.797933383,1
1.366935129,5.878506881,1
2.33189421,4.325526076,0
2.438338603,6.668218438,1
3.193512882,6.276723644,1
3.862154457,5.432192493,0
3.468342726,2.96605573,0
1.096409789,3.316401733,0
0.866728954,1.062565048,0
4.014251183,7.409834178,1
1.071811655,4.099316484,0
4.771158104,8.335475017,1
4.91717786,6.437984647,1
0.891934762,5.183031963,1
1.47236045,6.926842327,1
4.999037977,5.991044329,1
2.263696846,2.325915382,0
2.374644806,7.898963926,1
1.713122315,0.889414727,0
3.468412898,3.929063024,0
3.614628361,8.207190662,1
3.648848621,5.935655857,1
3.268615649,8.017004576,1
2.776394052,3.337128039,0
2.866822072,7.234272876,1
3.324301712,5.11545959,0
4.292643704,5.716263962,1
2.14766295,5.410150018,0
2.842686339,7.360655202,1
0.069686106,4.003299713,0
2.153405425,2.87392858,0
-0.713455603,5.742033923,0
2.263965052,2.297049431,0
3.404303747,8.067581943,1
2.139666846,3.860879372,0
2.791095731,5.458617027,0
2.556428224,6.754785107,1
3.250706517,6.610334562,1
2.910270306,6.912332554,1
0.538414749,1.803562006,0
2.185988429,7.735062971,1
2.61682143,5.077808707,1
2.826331222,4.626946514,1
2.927894151,2.770639953,0
5.315449382,7.106179904,1
1.853202325,3.133723168,0
1.566539279,2.672539268,0
2.170971982,3.399616051,0
3.226391307,7.336186828,1
4.066654985,5.740651466,1
2.983715065,5.015581038,1
2.310884149,2.385235381,0
1.701877189,3.416495325,0
2.116305195,8.467293105,1
1.005433631,7.881095365,1
1.025944033,5.82077724,0
2.118235815,5.388772512,1
2.306921581,4.056290678,0
-0.429610198,-1.288919882,0
3.455153243,7.357345244,1
1.038018276,5.433923719,1
3.451083765,3.496686669,0
1.032766294,5.636357502,0
2.726715712,3.525886627,0
2.180035822,2.152722057,0
2.516343744,3.313381062,0
2.26377892,7.763052802,1
0.292446421,3.137205667,0
2.195304705,1.965320466,0
2.701066951,6.749763101,1
1.691305053,3.643689326,0
2.685445499,3.050746218,0
3.604589726,7.389062709,1
2.83914362,1.390393733,0
0.528081486,1.614225497,0
1.761079449,3.20660107,0
2.658842364,9.540526016,1
1.80251053,4.735322728,0
1.066257831,1.505206657,0
2.350004398,2.536057429,0
1.765560724,2.748789344,0
4.301469785,9.358399732,1
0.735260041,6.589069759,1
1.578577416,2.532455927,0
3.526816415,7.97241183,1
2.871433821,7.603816668,1
0.92228867,2.038071058,0
2.539350698,7.119837702,1
2.529448137,3.529472872,0
4.200891459,7.164192437,1
4.140799872,6.93211971,1
1.308548427,6.766314135,1
1.920377511,3.358674354,0
1.210661493,3.209674111,0
3.76499754,6.988992802,1
1.29548682,3.650696723,1
4.052261632,5.13813151,1
0.853965028,5.337732773,0
3.94989545,4.477743455,1
2.790838329,8.570881974,1
3.934337542,5.824156222,1
2.151834537,6.63915602,1
4.201713834,6.788668117,1
2.964354233,1.100739217,0
2.563012328,7.334248398,1
3.358830973,2.493691271,0
1.233396641,1.767870552,0
2.466592923,1.749160872,0
2.454395988,6.46157828,1
1.814435901,3.864938829,0
3.289849326,7.051396582,1
2.599517026,4.094046787,0
2.186370793,7.338303796,1
2.068323091,6.095100797,0
3.056474545,4.625961266,1
1.558099845,4.284157223,0
4.853206938,6.583305407,1
0.517008922,5.695283674,1
0.635548138,4.100406041,0
3.826392309,8.686015714,1
2.982114212,7.189973055,1
3.87813229,7.826808051,1
3.541638982,4.709573794,1
2.732416916,6.29731898,1
4.269628593,2.344822739,0
3.167098307,5.308453486,0
2.821747568,5.189286461,1
2.246786591,5.66058169,1
2.725103155,8.584442705,1
0.929847013,3.40606961,0
2.553834122,2.108897286,0
4.007916446,7.620313379,1
2.234523315,6.088693608,1
1.356877622,2.663363176,0
2.584532387,0.406591752,0
1.916661144,6.061712858,1
3.142659826,4.80385273,1
3.022813388,7.955410756,1
1.702291267,4.437435519,0
1.487063774,1.782708651,0
2.428865726,2.266434159,0
5.246588009,7.299947588,1
3.733841759,6.726030953,1
2.748945747,7.531913061,1
1.508164519,3.247332081,0
0.979031981,2.764988378,0
1.522409088,2.543194806,0
3.968432268,4.250228027,1
4.55206959,3.296397906,0
2.495417926,4.627226227,0
2.567028752,7.766835866,1
2.73335636,6.608132601,1
4.151006341,7.303587381,1
1.85245044,1.349002591,0
2.716182722,4.875970072,1
1.429466883,6.460128674,1
2.340270627,6.718176271,1
4.149254071,6.524339862,1
3.163325096,5.658001948,1
3.264534395,8.745471444,1
4.096887597,6.5383804,1
3.135471047,6.095273243,1
1.62602311,2.638224033,0
2.30104485,4.379107296,0
1.505815337,2.79574783,0
0.187720197,1.175384808,0
4.165553005,6.801053003,1
1.400535181,3.358095233,0
4.658466126,5.398767888,1
1.289913261,0.679206138,0
4.510346675,4.78923452,1
2.587128222,3.653189899,0
0.861980368,3.225137863,0
3.083248117,6.8332222,1
4.958705044,5.740941126,1
2.918791297,3.153247996,0
2.904869605,5.832676277,1
3.014712532,2.678200494,0
3.603432867,8.090137936,1
3.63966718,1.788175782,1
0.463768331,2.754582757,0
2.832108202,2.141773622,0
2.254791821,1.748588712,0
4.889031941,4.22978028,0
0.71841184,1.848190161,0
1.88913056,1.118701729,0
2.649870189,5.524849993,0
3.16304891,5.824878333,1
1.972396841,7.297764893,1
4.243734861,5.683591302,1
0.914622503,1.23079528,0
1.842021299,6.918673193,1
1.551546512,7.046029296,1
1.885876871,2.023100398,0
1.87736393,5.02899125,1
1.567836559,6.17358816,1
3.219665478,5.865744243,1
0.521140001,1.632787785,0
3.102071984,8.058732238,1
3.947710103,5.885991816,1
1.864182142,5.682143875,1
3.595383191,4.571636967,0
2.468274656,7.872113608,1
2.930159325,4.778088617,0
3.30782138,7.02494373,1
3.983660287,5.51913855,1
2.155297808,3.701287521,0
2.624559599,4.735527656,1
3.938699779,7.167799068,1
3.058258363,2.505676039,0
3.763083313,6.184062964,1
4.352186615,7.692624788,1
1.809260388,6.519701323,1
6.061355126,3.008659294,1
3.67600604,5.759268042,1
0.921316056,4.17063976,0
3.85917515,3.709717943,0
2.841698213,4.045270414,0
3.484810972,6.442048174,1
3.569722091,7.1516971,1
4.211735069,5.449218712,1
2.203393607,0.403254516,0
1.461248294,4.058576431,0
2.914780599,4.407141032,0
3.634586414,6.275987533,1
1.85701103,4.092165422,0
3.109198887,4.014981188,0
1.893023621,2.47823749,0
2.737249589,4.097341198,0
3.677122594,2.458098119,0
1.899963826,1.440260558,0
3.069810362,8.01885589,1
2.037806651,5.914297063,1
2.997634967,7.19756233,1
2.877797263,9.217254126,1
3.823367754,5.505596693,1
2.609391963,2.181445218,0
1.987353614,6.719938384,1
2.952175119,4.362843539,0
1.846724594,2.216449815,0
1.566476614,6.383361049,1
3.050289897,7.90399011,1
4.400868592,8.527025229,1
3.027729587,3.885794482,1
2.440811549,9.046496015,1
0.988073656,2.286267517,0
2.769577805,2.341407763,0
2.008595398,1.632094383,0
2.896647939,2.163227507,0
3.536953663,7.831140751,1
2.356750274,8.229856128,1
3.808910135,4.912027191,1
3.22472549,6.171486344,1
3.241956508,3.486811668,0
2.446318393,3.98605316,0
3.65538533,5.407208407,1
2.104251427,6.367714452,1
4.723680903,4.425708229,1
4.251133293,5.085946913,1
-0.087007446,4.968100868,0
1.839653602,0.724053505,0
1.650099821,3.095439107,0
2.236686976,3.055253978,0
3.399792292,7.156369992,1
3.02972227,8.343367086,1
2.471179965,7.58053213,1
3.575791079,5.730724524,1
1.386959463,2.814158198,0
4.444909085,6.544250051,1
3.53793423,6.903897037,1
2.589898489,2.214437925,0
2.776453493,3.905707595,0
2.020320654,5.83766325,1
3.171758634,4.114821804,1
3.678905704,6.694581642,1
2.637405676,5.719809302,1
3.5365297,7.221599139,1
0.818115562,4.15729733,0
2.440737478,7.959222881,1
2.473957082,6.14430364,0
2.653268173,3.871552502,0
2.874805869,1.238853067,0
0.994670738,5.562382518,1
2.602976179,3.786348439,0
1.544742539,3.335612868,0
2.652467498,6.277349461,1
3.001652002,2.122767382,0
1.443991919,2.874217819,0
2.379818777,2.653442303,0
-0.452801661,4.216085482,0
-0.195010639,4.549242843,0
3.71116814,7.705409945,1
2.310719107,5.954921011,1
0.341388788,1.169002181,0
2.81248335,3.368422792,0
0.88570008,4.217790953,0
3.147310273,7.102865245,1
3.589817468,5.814665483,1
3.233734217,5.428722752,1
3.611208075,5.472882697,1
3.026112668,3.200664967,0
2.527528229,2.603760592,0
2.900925309,6.352469495,1
0.939101916,2.139634044,0
0.853193906,3.301546205,0
2.99686787,6.690236242,1
1.609123248,5.605259549,1
3.094795575,3.662057218,1
0.881498442,2.144370102,0
1.926149417,4.485742388,0
3.231228152,4.049159499,0
1.724217374,3.586148755,0
1.573001185,2.06432755,0
4.053533116,3.801787999,1
3.600129356,0.62195128,0
1.547754027,3.849801961,0
2.920995247,6.424093588,1
2.835361873,6.496942627,1
3.014265801,3.187909055,0
0.924281203,0.456804459,0
1.782740192,5.536269898,1
1.222754195,3.972069982,0
3.406042455,6.085267346,1
4.25062013,5.836287435,1
2.03446469,3.243527995,0
3.202810792,4.904705702,1
3.701571241,5.024616003,0
0.975613484,3.788642194,0
3.500291502,5.040229177,1
1.49460131,4.448787675,1
1.327242536,2.319439298,0
3.174251889,4.90953435,1
3.004961116,2.389745472,0
4.073159477,5.018569667,1
4.515706698,7.007965301,1
3.328683761,4.688241803,1
2.76718031,1.491969516,0
0.721860247,2.580281503,0
3.153813955,3.199512431,0
2.955673475,0.527818314,0
2.313597366,2.457251682,0
1.423940275,4.716307666,0
1.940969206,4.673647731,0
2.940038624,3.823261392,1
2.671333148,-0.127656385,0
2.72075971,7.242656958,1
1.732975832,3.084674383,0
1.947374448,4.17563459,0
4.502346607,5.598440657,1
4.84868012,6.956168368,1
4.387391057,5.191009255,1
2.225756849,5.17116703,0
3.921276375,4.192958754,0
3.383896645,5.423086215,1
3.140021608,8.236241847,1
2.207704039,7.651974128,1
2.939453896,6.542837366,1
2.796040792,4.569287011,1
2.567344191,2.416525468,0
3.960554601,7.356842461,1
1.741347557,4.005751966,0
2.272614126,2.460013066,0
4.11612063,4.743049682,1
4.540824332,7.123900076,1
0.933400231,4.351583785,0
3.256864751,7.602607544,1
1.153171689,1.439054903,0
0.980102483,3.951398203,0
3.10425479,7.269337346,1
4.833877178,6.546731092,1
1.45726906,0.593678881,0
1.567695594,3.990212275,0
0.880175444,7.357867737,1
3.038257542,2.759765428,0
-0.157301284,2.301188682,0
3.109987005,5.021205837,0
4.694318305,8.136549891,1
3.142496187,2.433861619,0
2.856998052,6.849589398,1
0.188417592,3.09443997,0
2.51533574,4.194708253,0
1.829358766,6.222371199,1
3.054537042,2.852856274,0
0.578704319,1.723364759,0
4.549076279,5.844923882,1
1.794514673,1.527370112,0
2.220676028,8.102453606,1
4.40483441,6.490580159,1
1.366265701,5.374588814,0
4.974148746,4.186592444,1
1.411653414,6.814957055,1
3.641882805,6.673265144,0
1.661791757,6.709064773,1
0.535863819,8.28717625,1
1.497922402,5.11746726,1
2.433190049,4.871581424,1
1.63882464,4.808796292,0
4.209426968,5.910651456,1
1.660563614,4.72268032,1
2.934569771,5.456696377,0
3.635970994,6.648284911,1
3.991509211,6.246066363,1
3.975890458,5.067610861,1
1.152973575,9.329207468,1
1.95837516,1.499366972,0
4.020937296,6.377438917,1
2.922865237,2.526396856,0
2.027299881,3.380689129,0
1.105087474,1.282749211,0
1.820261676,7.514092773,1
2.552771462,5.492824588,1
3.669949814,0.94351354,0
1.681918857,7.24921,1
2.583591875,10.56177144,1
2.465260899,2.188888908,0
3.27324311,3.7726206,0
0.243299089,2.628583049,0
2.451164159,5.44473824,1
3.02773337,4.701554452,0
0.488947773,5.763778708,1
3.356404463,5.953590999,1
1.495297466,5.24834323,1
2.092518517,5.630577575,1
3.694459135,6.869455777,1
2.514201628,1.384012888,0
0.397707495,5.334683402,0
2.606793389,4.28084635,0
3.673816344,5.99201449,1
1.546938023,2.330845694,0
0.266042264,6.110366787,1
2.891311753,7.145850385,1
3.697866633,7.397253304,1
0.826553949,-2.537621246,0
3.962190719,5.610012152,1
2.255228682,3.741518589,0
3.759601831,8.46829325,1
1.243195464,2.292907054,0
1.795034078,4.321798376,1
1.796452621,3.337947977,0
4.21656577,3.769301516,0
0.473938495,4.390921114,0
1.987788063,3.588757838,0
1.587707072,5.916697453,0
0.567984249,2.229608143,0
1.788160443,2.980171881,0
3.268443783,5.691075738,1
1.145254651,5.961627278,0
2.014960031,7.402052945,1
3.360254943,6.320618071,1
1.704171887,2.292050532,0
1.395743194,2.48179136,0
2.723671431,5.516663474,1
0.237770936,6.630864326,1
0.523571051,6.607510484,1
2.490414466,7.624761234,1
2.616407956,4.781532,1
2.546552634,5.749248293,1
2.054442966,6.738841862,1
3.74951113,4.266978086,1
2.461408777,3.985442985,0
1.737431985,4.703954499,0
4.446640848,5.156768146,1
0.458119283,2.21418844,0
1.544597913,7.747234556,1
5.0288881,4.62660942,1
2.531813849,1.543445021,0
2.108296219,5.511411667,1
1.512772361,4.905401516,0
2.348861046,4.216641705,0
2.89731944,7.909459168,1
0.208879985,5.6223947,1
2.330889139,4.058740738,0
1.555906791,2.428152712,0
3.577466954,5.289541941,1
-0.246749836,1.988498972,0
4.671133796,6.452770438,1
1.213777064,1.991751691,0
1.316504824,5.995911669,1
2.942364915,2.703462841,0
2.618484488,2.822148461,0
3.619130594,5.04524437,1
2.570006579,7.639040796,1
4.448811326,7.541860435,1
3.458498276,5.881170648,1
0.632399453,7.123643145,1
3.078721517,6.800880182,1
2.298205219,6.98098797,1
2.03156474,1.678188824,0
1.066267862,6.612996059,1
3.483373955,8.159971114,1
3.430391567,4.313781408,1
1.179057476,10.01803206,1
0.967667305,3.075963775,0
2.293937049,5.575828873,1
3.628255684,7.109777627,1
1.649015055,3.540023761,0
2.9884623,5.747530814,1
3.415900696,7.404022753,1
1.577754833,7.901294494,1
2.946773008,-0.123800479,0
1.684969643,3.208263737,0
3.619054713,6.684163879,1
5.108701444,7.980292269,1
1.775216469,2.177081358,0
5.092972984,5.106277454,1
2.68270803,7.267565772,1
2.052667528,2.869968009,0
3.877155381,8.482273386,1
3.831831531,5.828510596,1
2.265546736,8.440861421,1
2.674330585,8.318585111,1
3.389357168,5.839149791,1
5.061030788,7.216485139,1
2.418110281,2.775778173,0
2.414496553,2.878189015,0
1.507290935,5.189254854,1
0.692707964,4.872359018,0
2.576797946,6.616394826,1
2.575679692,4.732712404,0
2.008567907,7.653592687,1
3.691869088,6.532586737,1
1.571864066,4.264908435,0
2.450307428,8.07021125,1
2.087437479,3.174390494,0
2.393910247,4.124060543,1
2.323664526,1.553852563,0
3.681890952,6.46897236,1
2.599116579,6.941024664,1
2.909615154,3.010146636,0
2.606363728,3.348857897,0
2.893276895,0.98107636,0
2.420914171,2.79281576,0
2.50677107,0.298355719,0
1.368818042,0.942727949,0
3.999638044,3.770824981,0
3.919478714,8.693345825,1
1.097817628,4.545197177,0
2.848022495,5.962174659,1
2.288810865,1.873214697,0
0.39082941,7.180720143,1
3.439202478,7.71609031,1
3.508519096,6.098273115,1
3.204514818,4.445915606,0
0.338077583,4.92631514,0
0.776654293,2.484643288,0
1.0485123,3.182086294,0
1.796633731,6.208430236,1
1.418855166,3.197054653,0
1.742740136,8.525092006,1
3.535335513,6.783404032,1
-0.344951214,4.87480394,0
2.359940428,-0.350590418,0
1.906664068,7.276377248,1
1.642222173,4.479290317,1
2.755625292,5.45818597,1
0.814580736,6.650068049,1
3.459704773,5.320349834,1
2.009948217,4.573573556,0
3.392433435,5.045177477,1
3.2284372,5.863788654,0
2.159722039,4.610144099,0
2.506697729,5.782237138,1
2.215437594,3.623180922,0
1.799836322,2.520392598,0
2.451441498,6.944852936,1
3.112919686,6.725358085,1
2.86135298,6.160710732,1
1.869437897,1.391663001,0
1.298857406,2.989584035,0
1.487033515,3.232645467,0
3.580531007,5.028139076,0
2.440165353,6.383688717,1
3.648579412,1.893512668,0
1.818795874,2.712259531,0
2.910871035,3.048286348,0
3.278491638,5.763445108,1
2.879157231,2.157606243,0
1.992616549,4.40045909,0
3.288467924,6.572884423,1
3.117220215,5.941279744,1
2.093149345,5.597159507,1
2.398898891,1.960529403,0
2.988861367,3.455278297,1
1.056416585,8.328015458,1
2.393776904,6.689977429,0
2.501156252,8.472347772,1
2.156713869,4.071299644,0
3.148632699,5.014485914,1
1.599290323,2.153101729,0
2.074518955,3.171398621,1
1.921903662,3.72910825,0
4.312536573,0.524927245,0
1.362221043,1.779080874,0
2.56574124,8.278433582,1
1.578232196,6.995124912,1
2.351874604,4.927254361,0
2.280537461,6.932731514,1
2.299883238,2.578155948,0
4.388965486,6.369357347,1
2.476234628,6.192812718,1
2.723406481,5.698435223,1
1.423559504,4.491843556,0
3.862662698,5.504783796,1
3.338449153,7.440868031,1
1.173301472,0.874560199,0
3.13890517,5.911209101,1
3.29339201,6.710102767,1
2.466492281,0.788250269,0
1.993466434,3.073344824,0
2.334613488,3.273849922,0
0.811686135,4.366259565,0
2.515542387,4.828265463,1
3.152325458,1.935210678,0
2.930468638,4.615068235,0
3.542814449,4.386744649,1
2.488873388,5.703267644,1
2.24770408,4.872829106,1
0.415776894,2.863218427,0
1.596821351,3.205919879,0
-0.648848206,2.612424721,0
1.721844106,2.854534625,0
1.149899244,2.859745165,0
1.962875648,3.417051791,1
2.726059157,1.838516236,0
2.331674493,4.567056047,0
2.475838323,5.456746355,0
2.707643239,6.178123524,1
3.076254975,5.888150824,1
2.203971229,6.47742435,1
3.720752441,2.721807311,0
2.112985636,7.54529693,1
3.98464123,2.765246844,0
1.310819189,2.337235657,0
2.370493038,3.554459016,0
2.354543312,3.55493436,0
3.766406966,5.490722871,1
0.851617486,2.894923169,0
2.245392749,0.669815846,0
1.912716634,2.554946655,0
2.902428327,2.374168746,0
0.702867479,2.4261597,0
1.051203588,3.884253679,0
3.868573803,5.084412237,1
2.297228641,4.676816311,1
1.625210131,5.904615598,1
2.173976823,1.670877573,0
2.141253042,6.612454252,1
3.006613797,5.887604944,1
0.235936431,1.308998426,0
2.509326006,2.086641504,0
0.880329379,6.667423509,1
2.827303658,9.067035562,1
0.862463872,5.862813878,0
3.285665321,5.78281125,1
2.172476148,5.644463287,0
3.854380947,9.153406913,1
1.585733318,4.849508654,1
1.72585233,6.219657724,1
3.108512735,4.717372227,0
3.73210761,6.080417121,1
1.280118825,5.71744951,1
1.620259036,5.454241126,1
3.699379898,7.448914374,1
2.296566588,0.98876622,0
2.755197443,5.345536928,1
2.723263776,7.153015813,1
3.085115115,3.689348558,0
0.333372254,3.568635282,0
3.601822081,2.298982872,0
3.202735982,2.337066231,0
2.02073306,8.386481983,1
2.675262845,4.00145836,0
3.896943854,6.381506788,1
-0.1345966,3.219337208,0
3.855052574,7.50820607,1
2.265995969,2.503072826,0
3.986111674,5.214112377,1
2.617803771,2.417141415,0
1.605609255,1.238090486,0
0.498495453,3.350370264,0
3.532900707,7.966387166,1
3.08738567,8.162613383,1
3.649327118,5.845155578,0
3.451614494,8.732663724,1
1.145797243,0.453577065,0
1.072668743,2.916820287,0
3.243549503,7.847694592,1
2.316554131,6.718658417,1
2.678635548,5.572948642,1
1.370415134,6.809549151,1
3.32127129,7.78175008,1
1.236934817,1.726273386,0
1.767004473,5.371111785,0
1.747359619,2.995230721,0
3.449717813,6.589717854,1
2.598809892,2.734441738,0
2.80502863,6.005212955,1
2.882862436,3.325947462,0
3.246628564,8.909275808,1
0.420102135,7.638232757,1
3.104705888,6.713830452,1
3.439628241,7.003896207,1
2.071665475,3.275999609,0
2.653540994,4.156249231,1
0.760540818,4.05061739,0
1.893616141,8.405374666,1
2.016482052,6.538430445,1
3.491713108,6.65199381,1
4.958772425,7.088527934,1
3.815944155,6.386177808,1
2.404924261,6.726766169,1
1.527388611,4.860187749,0
3.073778461,5.70719883,0
0.998961491,4.323030837,0
2.484763232,4.556351509,0
2.253106511,5.082306326,1
3.042470607,7.413759014,1
3.69181619,6.675293074,1
3.018859906,7.015695317,1
1.268143256,3.433590188,0
2.415844262,7.179908256,1
3.023154205,5.491454305,0
2.574620355,7.95475505,1
3.340943515,4.538288221,0
1.506247646,2.869766401,0
2.113443965,2.159860682,0
2.866912983,7.497134056,1
2.055363215,2.171674317,0
2.4259409,6.208711911,1
1.035196827,0.8866182,0
4.334124685,6.519085499,1
5.002306126,8.476397036,1
0.979302451,6.765022443,1
3.288173554,5.80020769,1
4.612374487,6.284271129,1
1.980003159,4.882964223,0
1.138682946,2.600754172,0
4.932027557,8.667222501,1
3.203475001,6.762866555,1
1.828177708,2.93962415,0
2.146572722,7.245529158,1
4.114138448,5.610912902,1
0.978808721,4.912424589,1
2.707975934,0.401137532,0
2.585311743,6.563442891,1
3.657652289,4.909620954,1
3.553791671,6.349296285,1
3.103516107,5.273379109,0
3.058730566,6.275629651,0
2.691335933,4.875588775,0
1.629570296,3.235010067,0
0.577779606,2.188774824,0
3.413666295,6.1946209,1
1.94647171,8.9826442,1
3.327260711,4.466765569,1
1.521089861,1.456097291,0
2.829198641,7.699609107,1
2.484780576,5.685567816,0
1.605572476,5.806864025,1
2.273241146,-0.462127881,0
2.980989591,3.327911055,1
1.890223923,5.312960114,1
3.085154559,2.757520947,0
1.852907546,7.919896869,1
-0.324600514,1.769168614,0
4.572933438,3.471729225,0
1.620581844,1.927231891,0
2.291711464,8.027982704,1
5.678718416,6.072491551,1
3.331809118,4.209704018,0
0.11745901,5.800108095,0
2.382586467,4.025365738,0
3.232352932,5.538973029,1
1.606090356,4.311196866,0
1.044547367,3.792841769,0
2.815747851,2.320275324,0
0.165520408,2.516186695,0
1.151939025,7.869582343,1
3.657480758,4.967370428,1
1.727337649,8.335128662,1
0.63382501,5.609288049,0
-0.106734536,5.956969477,0
1.901971574,1.716008977,0
2.254148032,6.749100206,1
2.521369052,6.174416457,0
4.366587883,6.54542991,1
3.268980936,6.178049013,1
3.390421555,5.974167629,1
2.800880261,6.572443413,1
0.953479569,3.367277521,0
0.672716029,2.213056249,0
3.190507617,0.110000627,0
2.336079777,6.701752201,1
3.209680216,0.717031324,0
2.708308985,2.91372522,0
3.156883038,7.248669822,1
2.930501796,7.217241578,1
1.481841434,0.467268752,0
2.243516058,5.711679325,0
3.90334572,7.562954027,1
3.782711766,7.168670999,1
-0.275059845,-0.227366142,0
3.431828704,7.850445336,1
3.818670238,11.28694597,1
2.308348384,4.127215236,0
4.418993263,8.302163452,1
5.64072891,6.78260922,1
0.468908975,2.903075352,0
1.619089166,3.862275581,0
2.640731921,4.533335594,1
4.069058562,6.94155367,1
1.599566271,3.90464498,0
1.475094769,2.386115473,0
4.214929939,6.147033053,1
4.455398453,6.010267915,1
2.042126425,3.021631381,0
-0.438843322,3.449746871,0
-0.054013441,3.366724005,0
-1.05287586,1.45181304,0
3.918824779,6.916353012,1
1.715335361,6.23890983,1
2.141002762,4.575581325,1
4.030130959,2.482386288,0
5.286045444,7.777308169,1
4.140539616,5.879840082,1
2.340524154,2.710540801,0
0.826441527,3.514629088,0
2.880086223,4.863035111,1
2.325489312,3.378348844,0
2.194386106,2.533438189,0
1.754284468,5.729209102,1
0.898133926,2.540578859,0
1.762384789,3.355689291,0
1.79378646,4.601911532,1
1.585506553,3.668947333,0
2.754804771,5.290102285,1
0.750180564,3.644327692,0
1.080795269,2.056491683,0
3.066857769,7.61085383,1
1.907460887,2.269692827,0
3.425333667,7.108360902,1
2.537507218,0.69424573,0
2.502675576,4.451843383,1
3.543109501,6.440427369,1
0.766224427,4.346201508,0
1.573734544,2.308081916,0
0.823233808,3.796568871,0
4.102802748,5.611185728,1
2.750031573,6.74951488,0
3.082979298,0.543899078,0
1.231757599,2.236958585,0
3.742952501,2.542386628,0
3.663042036,3.548208087,0
2.318377552,2.438204822,0
2.020970165,7.536196269,1
2.694620709,5.9745852,1
0.678364972,5.0949002,0
0.456197373,1.420748683,0
3.276974179,6.388884063,1
1.371492374,3.108996572,0
2.008992632,3.152980316,0
5.231080732,7.272770294,1
3.144809231,8.464395108,1
2.025814828,3.254450359,0
3.802450844,3.433432074,0
1.040730612,6.17218341,0
2.666460251,5.557567718,1
1.732447326,7.555213987,1
2.098902122,2.34187735,0
3.831541129,3.12133756,0
1.782187847,5.943607629,1
1.373527871,2.180533239,0
3.15097508,7.310073831,1
2.501856205,5.215554377,1
1.535096998,5.367798435,1
1.610730252,3.255875422,0
2.509689881,1.331320208,0
1.091947852,1.676907224,0
0.895371526,4.540099197,1
2.010686149,3.708997685,0
3.880534185,7.857060613,1
1.929048803,4.375366769,0
2.596219517,2.39313551,0
1.471992844,6.070830797,1
2.691831854,7.217470365,1
0.438206485,2.148267017,0
2.98336906,2.710217435,0
2.638218027,8.927393965,1
1.989853488,7.601252671,1
2.154862257,6.194472498,1
2.334838033,2.884354449,0
1.579306493,3.180660563,0
4.066619204,5.758237948,1
5.286923374,5.920947032,1
0.685816656,6.376023913,0
3.834174079,7.322365526,1
1.502113075,3.315541028,0
3.071738542,6.721920772,1
1.705080929,0.299988872,0
2.010261048,1.1074832,0
1.065835134,3.618829669,0
2.21580405,7.816180832,1
1.000126469,5.400869399,1
2.340403988,2.923591342,0
2.8474738,6.113812123,1
2.230980451,3.202674323,0
1.497142941,3.146954391,0
1.333535057,2.863158399,0
1.711521956,2.062464104,0
0.371014734,6.149686361,1
4.436479927,7.19443607,1
3.228727091,3.195776469,0
3.237878291,8.461531702,1
2.399622645,2.643800697,0
3.639787954,8.590043445,1
2.804797096,7.172861355,1
0.777253589,1.643330695,0
1.480061337,1.673808098,0
3.005154341,6.407229832,1
2.872560772,6.721853276,1
3.219390179,1.302164261,0
2.244759432,4.062500859,0
3.182255589,5.150327834,0
3.522120383,6.362230329,1
2.414665656,6.244905306,1
2.643844746,3.1105779,0
2.979227227,3.30398345,0
1.446980067,4.810578933,0
3.95679916,3.725386712,1
0.306878195,-0.089418012,0
3.587408386,6.479852088,1
2.290278246,8.402024379,1
3.696731398,5.754636479,1
2.689836461,5.775697539,1
1.638728582,2.433915742,0
2.337866647,1.578539085,0
1.484817068,3.830443165,0
3.619222894,7.498238003,1
2.046810856,2.455299666,0
2.638620156,8.392382034,1
2.443606846,1.841211874,0
3.280489935,4.065596906,1
1.962832132,6.793872188,1
3.317821272,0.862376606,0
2.379172506,7.330214594,1
2.140815462,8.569289675,1
3.617039911,2.57490184,0
4.184605211,7.40557388,1
2.279927377,6.362276815,1
3.178758967,1.321276706,0
2.847707418,7.406011003,1
3.270562955,3.619993253,0
3.673107134,8.690633694,1
2.609349808,4.522707648,0
2.428581023,1.758374113,0
2.206608148,4.060950984,0
3.090996085,9.130278647,1
1.593946017,3.341994348,0
1.06129981,2.858540163,0
3.387597842,6.685738455,1
2.361216131,7.279052728,1
4.385513912,8.121206822,1
4.777800376,7.637584526,1
0.900358507,3.665916758,0
2.973637248,7.620988114,1
5.305610313,7.294250539,1
3.435007064,6.175727074,1
1.650725589,8.35421931,1
3.044462164,6.958626173,1
2.231535293,6.301126457,1
3.636140078,4.594098082,1
1.029321102,4.859204063,0
0.687598319,0.385072957,0
1.70232081,2.080805049,0
3.557143501,7.039906004,1
3.946417381,3.02085871,0
3.723878714,5.440329373,1
0.640249913,7.219538102,1
3.258188503,6.663708098,1
2.37961733,4.155669455,0
2.616308186,5.392988384,1
1.085077358,-0.233031206,0
0.846053825,3.651510945,0
4.664570187,5.273222315,1
2.72348947,2.712229441,0
1.082961518,3.337150188,0
4.383087918,5.093007235,1
2.761340343,2.313833357,0
3.494492,8.274585111,1
1.588545603,3.783393634,0
2.388095735,6.024105966,0
2.430455014,6.760994321,1
2.851692062,7.384695684,1
2.485090999,0.846477509,0
1.530679172,4.092408448,1
1.471391508,2.996757719,0
3.807249648,7.986852591,1
2.434451873,4.423632304,1
5.318671424,3.592070006,1
0.459331945,2.482057797,0
4.288683455,7.187792601,1
1.312144151,4.621572656,1
2.594747073,7.446901417,1
2.616896595,6.355556775,1
2.35820247,3.900557039,1
3.116437978,7.413997612,1
3.433440305,6.749083743,1
4.062940355,5.756288433,1
2.417590584,7.529551767,1
2.273613438,6.830212636,1
3.058748934,1.594556668,0
4.627976407,4.995785165,1
2.442176528,3.306631468,0
2.156513107,1.278401059,0
1.914708553,2.828488919,0
2.472185746,5.458420094,1
2.783481262,6.731820808,1
3.832465957,8.286320982,1
3.886365189,4.520733956,1
1.498491287,3.730041352,0
2.296357997,7.493657741,1
2.511104417,4.243971859,0
1.577484562,1.922683034,0
5.471638644,8.151871733,1
2.112727301,1.806525167,0
2.074987903,0.428858623,0
4.533976921,8.629218658,1
2.798619473,6.272252842,1
1.658630689,2.49695468,0
4.285073594,7.408187395,1
3.607812789,8.097690412,1
1.997308737,3.372120692,0
2.193749613,4.303980938,0
2.788710504,5.703776458,1
2.698512665,2.76307321,0
2.308045607,6.621297991,1
2.806470915,3.561323371,0
3.321666242,6.074978603,1
2.751041455,6.946634053,1
2.727025919,5.176074145,0
3.029698594,8.884556199,1
2.384417227,4.110128384,0
-0.043420465,4.435511541,0
3.429238531,6.662219662,1
2.355364861,4.296754315,0
1.453756798,-0.006668547,0
1.159894694,7.779499151,1
1.413694147,3.188450489,0
2.127527901,6.494763571,1
2.623634794,7.434194952,1
1.211112448,4.517857505,0
1.074053412,7.957568667,1
4.27312409,3.614310095,1
2.380876609,9.783648316,1
5.672162987,6.509668081,1
1.567329259,5.7715376,1
5.213808102,6.074956486,1
4.013723825,7.264635598,1
2.141225965,4.801687448,1
1.132093964,7.477421233,1
2.080872938,6.601862472,1
2.844358367,3.45437432,0
2.378773434,8.235690315,1
3.580601255,3.524374557,0
3.403173673,3.198902087,0
3.106805854,2.852444321,0
1.165565106,3.286777657,0
2.53485712,4.790019296,0
5.10862585,3.843466445,0
2.862296571,5.169631928,0
2.933135759,7.421870895,1
4.025877833,9.514141525,1
2.26165353,8.094082226,1
2.150900965,7.215992238,1
2.27234567,2.568459182,0
0.132110334,3.598184756,0
1.52200062,5.016276468,0
3.963807299,7.080891728,1
3.829185932,7.036943251,1
3.37811963,5.87015065,1
3.124786843,7.793722009,1
4.135286949,5.27878827,1
2.585336978,8.952159045,1
1.966859359,5.336020892,0
1.033291439,3.400020112,0
2.166305753,8.277827569,1
1.011053868,5.121568426,0
3.224125278,5.218704563,1
1.649474172,5.454868651,1
1.343470261,2.728297745,0
2.797953865,3.473546893,0
1.177008669,4.644828597,0
2.414082789,2.639224929,0
3.091628589,1.739478678,0
4.349272067,7.324679222,1
2.226310021,5.1419468,1
2.867608879,3.744634935,0
3.555986817,7.095314429,1
3.062731414,7.203182415,1
1.498038465,3.882092946,0
-0.340832562,4.503365708,0
1.954125204,4.825280583,0
2.682029352,1.78501304,0
2.711603998,4.73015218,1
2.297066404,3.472983164,0
2.083188792,3.076838221,0
1.283455573,5.543136894,1
3.117880032,4.610131221,1
1.223207776,5.834395243,1
3.962749425,2.251001502,0
0.973459844,3.318760369,0
3.582377356,7.467031425,1
0.594340754,3.460073406,0
4.178273054,6.607276776,1
1.150133214,1.963957914,0
2.442835739,4.36595569,1
0.136398231,4.955417009,0
1.187300161,4.530252864,0
2.438595718,7.206268188,1
2.506371534,5.147778565,1
0.764185401,3.914278078,0
2.000116712,7.288794377,1
2.738648189,0.83291386,0
-0.366933054,2.482529097,0
1.683714419,3.55521563,1
1.189194944,2.646904608,0
1.943430252,4.374133316,0
1.939092177,5.337965896,1
4.237949316,7.544064787,1
2.234713485,4.438351918,1
2.569259149,4.75931746,1
2.866443741,7.241488752,1
2.127608876,7.215970983,1
2.712243511,2.174965032,0
1.016002979,2.813872054,0
5.314025362,5.192806988,1
4.163186963,1.18714745,0
2.899629568,5.534475848,1
3.383252608,7.532639297,1
3.817736893,4.939650329,0
2.311472169,5.475781304,0
2.989943137,8.315006815,1
3.882978023,6.944113619,1
0.094430746,2.784117804,0
4.254456327,8.649079749,1
3.079564851,6.181502805,1
1.337480507,6.328584467,1
4.140671262,8.233326201,1
2.801604367,1.466377706,0
3.424143968,7.808914547,1
